Apprentissage,Catégorie,Date session,Décision,Exemples,Notes,Statut,Tags
Fichiers de confiance vs fiables,Style et ton,2025/09/26,« Fichiers de confiance » plus idiomatique que « fichiers fiables »,Trusted files → fichiers de confiance (pas « fiables »),"Usage français courant : « source de confiance », « personne de confiance »",Actif,Récurrent
Upload : charger vs importer,Terminologie,2025/09/26,"« Charger » pour les interfaces web, « importer » pour migration de données",Uploaded files → fichiers chargés (contexte interface) vs fichiers importés (migration),Distinction importante selon contexte d'usage,Actif,"Glossaire à MAJ, Récurrent"
Réunions prévues vs à venir,Style et ton,2025/09/26,« Réunions prévues » plus naturel et idiomatique que « réunions à venir »,No upcoming meetings → Aucune réunion prévue (pas « à venir »),Interface calendrier - « prévue » implique programmation,Actif,Récurrent
Politesse superflue dans les interfaces,Politesse/registre,2025/09/26,Éviter le « Please » systématique en français dans les interfaces - être plus direct,EN: Please confirm → FR: Confirmez (pas « Veuillez confirmer »),"Dans les messages système et d'erreur, le ton direct est préféré",Actif,Récurrent
Contenu à risque vs contenu risqué,Terminologie,2025/09/26,« Contenu à risque » plus approprié dans contexte sécurité que « contenu risqué »,File may contain risky content → Le fichier peut contenir du contenu à risque,Vocabulaire cybersécurité plus précis,Actif,Glossaire à MAJ
Longueurs UI titres courts,Contexte UI,2025/09/17,36 caractères max pour titres/sous-titres courts en standard ; 18 pour caractères pleine largeur,"« Rencontrez votre agent, prêt à aider » (≤ 36 caractères)",Contrainte UI importante pour éviter troncature,Actif,Récurrent
Égayer vs Mettre en valeur,Style et ton,2025/09/17,Éviter « Égayer » (trop soutenu) → préférer « Mettre en valeur »,Brighten up → Mettre en valeur (pas « Égayer »),Ton plus naturel et accessible,Actif,
FAQ vs Questions fréquentes,Terminologie,2025/09/17,« Questions fréquentes » préféré à « FAQ » en surface FR,FAQ → Questions fréquentes,Éviter acronymes anglais,Actif,Glossaire à MAJ
Fidélité source - pas d'ajout de mots,Contexte UI,2025/09/22,Ne pas ajouter de mots absents de la source (ex. « utilisateur ») dans captions/tooltips,File uploaded → Fichier chargé (pas « Fichier utilisateur chargé »),Fidélité stricte au segment source,Actif,"Récurrent, Urgent"
Humaniser l'IA : Rencontrez vs Découvrez,Style et ton,2025/09/17,Privilégier « Rencontrez » plutôt que « Découvrez » pour les agents IA,Meet your AI agent → Rencontrez votre agent (pas « Découvrez »),Humanisation des agents IA,Actif,
Support vs service client,Terminologie,2025/09/22,« support » → « service client/équipe du service client »,Support tickets → tickets du service client,Éviter anglicisme « support »,Actif,Glossaire à MAJ
Libellés permissions : voir vs Peut afficher,Contexte UI,2025/09/22,Préférer « voir » dans les phrases (« ne peuvent pas voir ») et conserver les labels produits « Peut afficher » pour l'UI,« ne peuvent pas voir » vs label UI « Peut afficher »,Distinction entre interface et phrases descriptives,Actif,Récurrent
Proscrire « veuillez » dans erreurs,Politesse/registre,2025/09/22,« veuillez » à proscrire dans les messages d'erreur/avertissement,Please try again → Réessayez (pas « Veuillez réessayer »),Messages d'erreur plus directs,Actif,Récurrent
ICU pluriels avec insécables,Formats,2025/09/22,"Modèle validé « {count, plural, one {#°propriété sélectionnée} other {#°propriétés sélectionnées}} »",1 selected property → 1°propriété sélectionnée,Insécables dans les pluriels ICU,Actif,Récurrent
Web search : IA de Notion,Terminologie,2025/09/22,« AI Web Search » → « Recherche sur le Web avec l'IA » ; « Enable web search for workspace » → « Activer la recherche sur le Web pour l'espace de travail »,AI Web Search → Recherche sur le Web avec l'IA,Terminologie produit spécifique,Actif,Glossaire à MAJ
Subitem filtering,Terminologie,2025/09/29,Traduire « sub‑item filtering » par « filtrage des sous‑éléments » (UI et aide).,learn about subitem filtering → En savoir plus sur le filtrage des sous‑éléments,Conserver le trait d’union insécable dans « sous‑éléments » selon style établi.,Actif,Glossaire à MAJ
Marqueur hc: → « aide : »,Contexte UI,2025/09/29,Toujours rendre le préfixe « hc: » en « aide : » en tête de ligne pour les segments centre d’aide.,hc: learn about subitem filtering → aide : En savoir plus sur le filtrage des sous‑éléments,Rappel Pensine + Checklist Traduction.,Actif,Récurrent
Aucun tiret de séparation en français,Typographie,2025/09/29,"Règle absolue : AUCUN tiret cadratin pour séparer les phrases en français. Jamais. Utiliser virgules, deux-points ou restructurer.","« normal — soit » → « normal, soit » ou « normal : soit »",Directive explicite d'Audrey. Zéro exception.,Actif,"Récurrent, Urgent"
« priorité absolue » → « priorité »,Style et ton,2025/09/29,« priorité absolue » sonne corporate/traduit. Simplifier à « priorité » ou « priorité numéro un ».,« reste notre priorité absolue » → « reste notre priorité »,Éviter les superlatifs traduits littéralement,Actif,Récurrent
Alternatives à « forte valeur ajoutée »,Style et ton,2025/09/29,Éviter « forte valeur ajoutée » (trop corporate/traduit). Préférer expressions plus naturelles.,"« ce qui génère des résultats », « ce qui fait la différence », « l'essentiel »",Rechercher formulations plus natives françaises pour concepts business,Actif,Récurrent
prompt = instruction (IA),Terminologie,2025/09/29,« prompt » se traduit par « instruction » dans le contexte IA,prompt injection → injection d'instructions,"Terminologie IA en expansion, terme clé pour Notion 3.0",Actif,"Glossaire à MAJ, Récurrent"
Messages d'erreur : ton direct vs explicatif,Style et ton,2025/09/30,"Messages d'erreur directs : « Impossible de... » // Messages explicatifs : « Vous ne pouvez pas... » selon le contexte (""Explains to user"")","❌ Direct (court) : « Impossible d'ajouter des membres restreints »
✅ Explicatif : « Vous ne pouvez pas ajouter de membres restreints en tant que propriétaires... »","Vérifier la note de description (tags: in-Job) pour identifier si c'est explicatif (""Explains"") ou simplement une erreur technique.",Actif,Récurrent
Messages d'erreur : structure claire,Style et ton,2025/10/06,"Pour les messages d'erreur « not found », privilégier « Aucun... trouvé avec... » plutôt que « Aucun résultat pour... »",« Existing Notion user not found with the provided email » → « Aucun utilisateur Notion trouvé avec l'adresse e-mail fournie » (pas « Aucun résultat pour l'utilisateur... »),Plus direct et naturel pour un message d'erreur,Actif,Récurrent
Placeholders à l'infinitif,Contexte UI,2025/10/06,Les placeholders doivent utiliser l'infinitif pour cohérence avec les CTAs et tooltips,« Select one or more project types » → « Sélectionner un ou plusieurs types de projet »,"Décision prise pour maintenir la cohérence du ton UI, même si non explicitement dans le SG",Actif,Récurrent
Captions descriptives : indicatif présent,Contexte UI,2025/10/06,"Pour les captions qui décrivent ce qu'une option fait, utiliser l'indicatif présent (3e personne), pas l'infinitif ou l'impératif","« Fills the first 1,000 rows » → « Remplit les 1000 premières lignes » (avec le 't')","C'est descriptif, pas une commande",Actif,Récurrent
Types de + singulier,Formats,2025/10/06,"Après « type(s) de », utiliser le singulier car on fait référence à la catégorie abstraite","types de projet, types de fichier, types de document (pas « types de projets »)",,Actif,Récurrent
Format des audit logs,Contexte UI,2025/10/06,"Pour les entrées d'audit log, utiliser la forme verbale passive : « Le paramètre... a été modifié/activé/désactivé »",« Toggled require SAML authorization for workspace access » → « Le paramètre exigeant l'authentification SAML pour accéder à l'espace de travail a été activé/désactivé »,,Actif,Récurrent
Session articles centre d'aide : Map view et Place property,Terminologie,2025/10/06,Nouvelle propriété Lieu et vue Carte introduites. Préfixe hc: = aide : pour les callouts d'aide. Forfait Enterprise reste en anglais. Débat épingle vs repère (Google Maps utilise repère).,"Place property → propriété Lieu
Map view → vue Carte
Slider menu → menu dépliant
Map by → Organiser par
Current location → position actuelle (non emplacement actuel)",,Actif,Glossaire à MAJ
Section All-day avec guillemets français,Typographie,2025/10/06,La section « All-day » doit être traduite avec guillemets français et insécables : Section «°Toute la journée°»,All-day section → Section «°Toute la journée°» (insécables après « et avant »),Cas particulier nécessitant guillemets français dans l'interface.,Actif,Récurrent
expand = agrandir (pas développer),Terminologie,2025/10/06,"Pour les actions UI, « expand » = « agrandir » et « collapse » = « réduire »",Expand all-day section → Agrandir la section «°Toute la journée°» ; Collapse → Réduire,,Actif,Glossaire à MAJ
panel vs volet dans l'UI,Terminologie,2025/10/06,"« panel » = « panneau » dans l'UI Notion (ex: context panel = panneau contextuel, list panel = panneau de liste)",context panel → panneau contextuel ; list panel → panneau de liste,Initialement j'avais proposé « volet » mais confirmation que c'est bien « panneau ».,Actif,Glossaire à MAJ
Écriture inclusive dans certains contextes,Politesse/registre,2025/10/06,"L'écriture inclusive avec point médian est requise dans certains segments (ex: déconnecté·e, informé·e)",if you're logged out → si vous êtes déconnecté·e ; you may not be notified → vous pourriez ne pas être informé·e,Demander confirmation si nécessaire selon le contexte.,Actif,Récurrent
Session articles centre d'aide : Map view et Place property,Autre,2025/10/06,Session de traduction d'articles du centre d'aide sur Notion Calendar. Plusieurs termes importants clarifiés.,panel = panneau (pas volet) ; Status property = propriété État ; expand/collapse = agrandir/réduire,,Actif,Récurrent
Status property = État (pas Statut),Terminologie,2025/10/06,Le type de propriété « Status » se traduit par « État » (avec majuscule),Status property → propriété État ; change the status → modifier l'état,À distinguer de « statut » en minuscule pour usage général.,Actif,"Glossaire à MAJ, Récurrent"
add-on = module complémentaire,Terminologie,2025/10/07,Traduire add-on par « module complémentaire ».,purchase add-on → acheter le module complémentaire,,Actif,"Glossaire à MAJ, Récurrent"
Titre document vs CTA pour « programme des créateurs »,Contexte UI,2025/10/07,Titre: « Candidature au programme des créateurs ». CTA: « Rejoindre » / « Postuler ».,Creator Program Application → Candidature au programme des créateurs,Distinguer titre nominal et bouton d’action.,Actif,Récurrent
CTA en français = infinitif,Contexte UI,2025/10/07,Les CTAs utilisent l’infinitif pour la cohérence et la scannabilité.,Upgrade to {tier} → Passer au forfait {tier} ; Join → Rejoindre,Aligné avec les directives Notion FR.,Actif,Récurrent
Statement of Work = cahier des charges,Terminologie,2025/10/07,Préférer « cahier des charges » à « énoncé des travaux » en UI.,View full statement of work → Voir le cahier des charges complet,« Complet » préférable à « entier ».,Actif,Glossaire à MAJ
Consulting (catégorie) = Conseil,Terminologie,2025/10/07,"Pour catégories/galerie : utiliser « Conseil » (court, naturel).",Consulting → Conseil ; Consulting kit → Kit pour cabinets de conseil,Variante selon contexte : « Services de conseil ».,Actif,"Glossaire à MAJ, Récurrent"
Accord avec « regrouper »,Typographie,2025/10/07,Accorder correctement avec le sujet : « que je la regroupe ».,regrouper (accord) → que je la regroupe,Point relevé dans un message au sujet d’une section.,Actif,
"Messages IA — verbes d’action (Updated, Created, drafted)",Terminologie,2025/10/07,"Employer des formes verbales complètes pour les messages IA : Updated → « A mis à jour », Created → « A créé », drafted → « créé »","Updated → A mis à jour
Created → A créé
drafted → créé",Formulations dans les messages IA. Éviter les nominalisations.,Actif,
Inline database,Terminologie,2025/10/07,Accepter deux variantes selon le contexte : « base de données en ligne » ou « base de données intégrée ».,inline database → base de données en ligne / base de données intégrée,Choisir la variante la plus naturelle selon l’audience.,Actif,
Priority geographies → marchés clés,Terminologie,2025/10/07,Traduire « Priority geographies » par « marchés clés ».,Priority geographies → marchés clés,Éviter « nouveaux marchés » qui ne rend pas la priorité.,Actif,
Build capabilities → Renforcer les capacités,Terminologie,2025/10/07,Traduire « Build capabilities » par « Renforcer les capacités » quand il s’agit d’améliorer l’existant. « Construire » uniquement si l’on part de zéro.,"Build capabilities → Renforcer les capacités
Alternative si création ex nihilo : Construire",,Actif,
Messages IA — formules de politesse,Style et ton,2025/10/07,Préférer « Souhaitez-vous » à « Voulez-vous » pour un ton plus poli. Utiliser « apporter des modifications » plutôt que « faire des modifications ».,"Voulez-vous… → Souhaitez-vous…
faire des modifications → apporter des modifications","Registre IA rédigée, hors simple traduction de segments.",Actif,
Revamp → Refondre,Terminologie,2025/10/07,Traduire « Revamp » par « Refondre » pour une transformation majeure. « Repenser » acceptable en UX selon le contexte.,"Revamp the feature → Refondre la fonctionnalité
Alternative (UX) : Repenser",Éviter « Réviser » (trop faible).,Actif,
Statut — Not started,Terminologie,2025/10/07,Traduire « Not started » par « Pas commencé ». Éviter « À faire » qui correspond à « To do ».,"Not started → Pas commencé
To do → À faire",Cohérence des statuts dans les bases et interfaces.,Actif,
« Tagged » dans propriétés = mentionné (pas étiqueté),Terminologie,2025/10/13,"Dans le contexte de personnes assignées/identifiées dans une propriété de base de données, « tagged » se traduit par « mentionné » ou « identifié », jamais « étiqueté » (trop littéral et non idiomatique en français).",People who are tagged in a person property → les personnes mentionnées dans une propriété de type Personne,,Actif,"Glossaire à MAJ, Récurrent"
Em dash (—) proscrit dans l'UI → utiliser :,Typographie,2025/10/13,"Le tiret cadratin (—) est proscrit dans l'interface Notion. Utiliser les deux-points (:) ou la virgule (,) à la place pour séparer les propositions.",You won't receive notifications — you'll only see the badge → vous ne recevrez pas de notifications : vous verrez seulement la pastille,,Actif,Récurrent
Tips au singulier = Conseil (pas Conseils),Style et ton,2025/10/13,"Quand 'Tips' introduit une astuce unique, traduire par 'Conseil' au singulier, même si l'anglais utilise le pluriel.",Tips: Board view columns are... → Conseil : les colonnes de la vue Tableau...,,Actif,Récurrent
Pas d'inclusivité pour les mots en -eur,Style et ton,2025/10/15,"Ne pas appliquer l'écriture inclusive aux noms et adjectifs se terminant en -eur (utilisateur, auteur, etc.). L'inclusivité s'applique normalement aux autres formes (participes passés, adjectifs en -é, etc.)","utilisateur → utilisateurs (pas « utilisateur·ices »)
ignoré → ignoré·es ✓
ajouté → ajouté·es ✓",Règle générale pour maintenir la fluidité de lecture sur ces termes fréquents.,Actif,Récurrent
journaux d'importation (pas d'import),Terminologie,2025/10/15,Utiliser le terme complet « importation » plutôt que l'abréviation « import » qui peut sonner anglicisme,import logs → journaux d'importation (pas « journaux d'import »),,Actif,Glossaire à MAJ
afficher > consulter pour visualisation UI,Terminologie,2025/10/15,Préférer « afficher » à « consulter » pour les actions de visualisation dans l'interface,Click here to view the import logs → Cliquez ici pour afficher les journaux d'importation (pas « consulter »),,Actif,Récurrent
"Tooltips : infinitif, pas impératif",Contexte UI,2025/10/15,Les tooltips utilisent l'infinitif pour décrire des actions (contrairement aux UI placeholders qui utilisent l'impératif),See your upcoming events → Consulter vos événements à venir (pas « Consultez »),"Référence : Directives de traduction, section 5. Contextes d'interface. Les placeholders de saisie utilisent l'impératif, mais pas les tooltips.",Actif,Récurrent
Cohérence des messages de succès similaires,Style et ton,2025/10/15,Des messages de succès qui décrivent des actions similaires doivent utiliser la même structure grammaticale pour maintenir la cohérence,Started filling all rows / Started filling N rows → Remplissage de toutes les lignes commencé / Remplissage de N lignes commencé,Important de repérer ces paires/séries de segments similaires et de les harmoniser.,Actif,Récurrent
« donner accès à » plus direct que « autoriser à accéder »,Style et ton,2025/10/20,"En interface, préférer « donner accès à l'intégration » plutôt que « autoriser l'intégration à accéder » (évite la double structure verbale, plus concis).",give permission to the integration to access → donner accès à l'intégration (pas « autoriser l'intégration à accéder »),"Ton direct pour interface, cohérent avec les directives (éviter « veuillez » et formulations lourdes).",Actif,Récurrent
Vérification systématique du glossaire avant traduction,Terminologie,2025/10/20,"Identifier d'abord les termes clés (produits Notion, fonctionnalités, éléments UI) dans le segment source, puis interroger le glossaire AVANT de traduire. Évite les erreurs comme « notes de réunion IA » au lieu de « Notes d'IA ».","AI Meeting Notes → Notes d'IA (pas « notes de réunion IA »)
Enterprise Plan → forfait Enterprise",Protocole ajouté aux Directives (section 1) et à la Checklist de Traduction. Cette vérification doit devenir un réflexe systématique.,Actif,Récurrent
« jongler entre » pour « move between » (contexte marketing),Style et ton,2025/10/20,"Pour des méta-descriptions marketing, « jongler entre » est plus dynamique et idiomatique que « passer entre » ou « naviguer entre » quand il s'agit de gérer plusieurs contextes.",move effortlessly between work and meetings → jongler facilement entre travail et réunions,Choix validé par Audrey. Contexte: méta-description pour « Create a Notion Calendar account ».,Actif,
Change management = gestion du changement,Terminologie,2025/10/20,"Dans un contexte organisationnel/consulting, ""change management"" = ""gestion du changement"" (pas ""gestion des modifications"" qui est technique)",Training and change management → formation et gestion du changement,,Actif,"Glossaire à MAJ, Récurrent"
Track record = historique démontré,Terminologie,2025/10/20,"""Track record"" se traduit par ""historique"", ""antécédents"", ""expérience démontrée"" ou ""expérience avérée"" selon le contexte","Proven track record → expérience avérée / historique confirmé (pas ""pratiques éprouvées"")",,Actif,Glossaire à MAJ
"""Upload"" ≠ télécharger",Terminologie,2025/10/20,"""Upload"" se traduit par ""charger"" ou ""importer"", jamais ""télécharger"" qui signifie ""download""","Upload a signed SOW → Charger un cahier des charges signé (pas ""télécharger"")",,Actif,"Récurrent, Urgent"
Personnes uniques = calque anglais,Style et ton,2025/10/20,"""Unique individuals"" ne se traduit pas par ""personnes uniques"" mais par ""personnes différentes"" ou ""individus distincts""",Held by unique individuals → détenues par des personnes différentes,,Actif,Récurrent
Se déconnecter vs déconnecter,Terminologie,2025/10/20,"Distinguer ""se déconnecter"" (logout - action réflexive) de ""déconnecter [quelque chose]"" (disconnect - action transitive sur une intégration/connexion)","Disconnect before setting up → déconnecter Slack (pas ""vous déconnecter"")",,Actif,Récurrent
Consultancy ≠ consultant,Terminologie,2025/10/20,"""Consultancy"" désigne un cabinet/société de conseil, pas un consultant individuel","Freelancer, consultancy, or systems integrator → freelance, cabinet de conseil ou intégrateur (pas ""consultant"")",,Actif,Glossaire à MAJ
Article défini avec Marketplace selon TMs,Terminologie,2025/10/20,"Utiliser ""la Marketplace"" (avec article défini) pour cohérence avec les Translation Memories existantes","On Marketplace → sur la Marketplace (pas ""sur Marketplace"")","Décision basée sur la cohérence TM, même si sans article serait acceptable",Actif,Glossaire à MAJ
Bandwidth (contexte RH) = capacité/disponibilité,Terminologie,2025/10/20,"""Bandwidth"" en contexte RH/ressources se traduit par ""capacité"", ""disponibilité"" ou ""disponibilité effective"" (pas ""bande passante"" qui est technique/réseau)",Real bandwidth and SLAs → capacité réelle et SLA,,Actif,Récurrent
"""Qualifier pour"" = anglicisme",Style et ton,2025/10/20,"""Qualify for"" ne se traduit pas littéralement par ""qualifier pour"". Préférer ""accéder à"", ""atteindre"" ou ""obtenir""","Qualify for higher tiers → accéder à des niveaux supérieurs (pas ""vous qualifier pour"")",,Actif,Récurrent
Delivery team = équipe de prestation,Terminologie,2025/10/20,"Dans le contexte consulting, ""delivery team"" = ""équipe de prestation"" ou ""équipe projet"" (pas ""équipe de livraison"")",Named delivery team → équipe de prestation désignée,,Actif,Glossaire à MAJ
"""Sur mesure"" pour customized/tailored ensemble",Terminologie,2025/10/21,"Quand EN utilise deux adjectifs ""customized, tailored"" ou ""personalized and tailored"", FR ""sur mesure"" suffit et évite redondance avec ""personnaliser""","Personalize... so it can be a customized, tailored teammate
✅ Personnalisez... un membre de votre équipe sur mesure
(Évite: personnalisé et adapté = lourd)",,Actif,
"Anti-pattern: ""sur lesquelles vous/votre équipe pouvez agir""",Style et ton,2025/10/21,"Éviter les formules lourdes comme ""sur lesquelles vous comptez"", ""pouvez agir sur"". Préférer verbes directs: utiliser, exploiter, travailler sur.","❌ Pages sur lesquelles vous et votre équipe pouvez agir
✅ Pages que vous et votre équipe pourrez exploiter/utiliser",Directive explicite dans le guide de style Notion,Actif,Récurrent
Tiret cadratin → point dans traductions,Typographie,2025/10/21,Remplacer tiret cadratin anglais par un point en français (sauf contrainte UI avec insécables). Directive explicite du guide.,"EN: your Agent can do it for you — from searching...
✅ Votre agent peut le faire pour vous. Qu'il s'agisse de rechercher...
(Ou avec °—° si obligé de garder le tiret)",,Actif,Récurrent
"Éviter répétitions multiples de ""votre agent"" → pronoms",Style et ton,2025/10/21,"Quand ""votre agent"" apparaît 3+ fois dans un même paragraphe, utiliser pronoms (il, lui, son) après la première mention pour alléger.","❌ Votre agent... avec votre agent... votre agent crée
✅ Votre agent... avec lui... qu'il crée",,Actif,Récurrent
"Scinder phrases avec trop de conjonctions ""et""",Style et ton,2025/10/21,"Quand ""et"" apparaît 3+ fois dans une phrase, envisager de scinder en deux phrases pour améliorer lisibilité.","EN: learns your style and ways, and you can name it and dress it up
❌ Apprend votre style et méthodes, et vous pouvez lui donner un nom et le personnaliser
✅ Apprend votre style et méthodes. Vous pouvez aussi lui donner un nom et le personnaliser.",Translation note suggérée: Split into two sentences to reduce conjunction overload and improve readability in French.,Actif,Récurrent
"Éviter répétitions de ""également"" dans une même phrase",Style et ton,2025/10/21,"Quand ""également"" ou ""aussi"" apparaît 3 fois en 2 phrases, varier avec synonymes ou restructurer. Alourdit la lecture.","❌ L'agent peut également... apprend également... vous pouvez également
✅ L'agent peut également... apprend aussi... vous pouvez [sans adverbe]",,Actif,Récurrent
"""Avis"" variante contextuelle de ""commentaire"" pour feedback",Terminologie,2025/10/21,"""Feedback"" = ""commentaire"" (glossaire), mais ""avis"" est préférable dans invites utilisateur engageantes (""Donnez votre avis"" vs ""Donnez un commentaire"")","Give feedback → Donnez votre avis (invite engageante)
Your feedback → Vos commentaires (contexte général)","Commentaire reste la traduction de base, avis est variante pour ton chaleureux",Actif,
in one place = en un seul endroit (pas au même endroit),Style et ton,2025/10/27,"""in one place"" met l'accent sur la centralisation (UN lieu unique), alors que ""au même endroit"" suggère plutôt ""at the same place"" (l'endroit habituel)",Manage your notes in one place → Gérez vos notes en un seul endroit,,Actif,Récurrent
Slider menu = menu déroulant (pas menu dépliant),Terminologie,2025/10/27,"Selon les TMs, ""slider menu"" se traduit par ""menu déroulant"" et non ""menu dépliant""",Open the slider menu → Ouvrez le menu déroulant,,Actif,"Glossaire à MAJ, Récurrent"
existing users ≠ anciens utilisateurs,Terminologie,2025/10/27,"""Existing users"" = utilisateurs existants/actuels ou ""ceux qui l'utilisent déjà"". ""Anciens"" suggère qu'ils ne sont plus utilisateurs","✓ for new and existing users alike → pour les nouveaux utilisateurs comme pour ceux qui l'utilisent déjà
❌ → pour les nouveaux utilisateurs comme pour les anciens",,Actif,Récurrent
"search: verbe = chercher, nom = recherche",Terminologie,2025/10/27,"Distinction importante entre le verbe et le nom pour ""search""","Search your notes (verbe) → Cherchez dans vos notes
The search feature (nom) → La fonction de recherche",,Actif,Récurrent
Noms de produits Notion: ne pas traduire,Terminologie,2025/10/27,Les noms de produits Notion restent en anglais avec insécable entre les mots composés,"✓ Notion°Calendar, Notion°Mail
❌ calendrier Notion, Courrier Notion","Référence: Notion/Style Guide (French), section Product names",Actif,Récurrent
Ne pas ajouter de mots absents de la source,Style et ton,2025/10/27,"Respecter strictement la source et ne pas ajouter de mots qui n'y figurent pas, même si ça semble améliorer le sens","❌ ""Enterprise Plan customers..."" → ""Seuls les clients du forfait Enterprise..."" (ajout de ""Seuls"")
✓ ""Enterprise Plan customers..."" → ""Les clients du forfait Enterprise...""",Référence: checklist Notion/Traduction,Actif,Récurrent
Emoji: insécable obligatoire après ponctuation,Typographie,2025/10/27,Les emojis se placent après la ponctuation avec un espace insécable (°) entre le point et l'emoji,"✓ ""Téléchargez l'extension.°📄""
❌ ""Téléchargez l'extension. 📄"" (sans insécable)","Référence: Notion/Style Guide (French), section Emoji use",Actif,Récurrent
Erreurs répétées : compter 1× avec liste des segments affectés,Autre,2025/11/10,"Lors de la révision de traductions Notion, les erreurs systématiques (même règle ignorée, ex: espaces insécables manquants) se comptent 1 seule fois avec notation des segments affectés. Les fautes de frappe/coquilles isolées se comptent chaque occurrence.","Point d'interrogation sans espace insécable dans segments 4772507441, 4772507443, 4772507444 → 1 erreur ""Language Quality - Punctuation - Minor (0.5 pt)"" sur 4772507441 avec commentaire ""(Also affects segments: 4772507443, 4772507444)"", puis code ""Neutral"" sans commentaire pour 4772507443 et 4772507444.","Cette pratique évite de pénaliser excessivement le traducteur pour une règle méconnue tout en documentant l'étendue du problème. Applicable uniquement aux erreurs systématiques, pas aux fautes ponctuelles.",Actif,Récurrent
Création et ajustement du Mode tr/notion/rev,Autre,2025/11/10,"Développement d'un mode spécialisé pour la révision de traductions Notion incluant : règle des erreurs répétées (compter 1× avec liste des segments), utilisation du code Neutral pour erreurs répétées sans commentaire, structure de tableaux de révision avec colonnes Ajusté/Code/Commentaire.","Première occurrence : code complet + commentaire avec ""(Also affects segments: X, Y)"". Occurrences suivantes : code ""Neutral"" sans commentaire.","Mode documenté dans Instructions → Pensine. Nécessite consultation du Quality Framework, Style Guide, et Glossaire.",Actif,Récurrent
Espaces insécables pour lier chiffres/numéros à leur mot parent,Typographie,2025/11/10,Les espaces insécables ne servent pas uniquement pour la ponctuation (! ? ; :) et les guillemets. Ils doivent aussi être utilisés pour lier un chiffre ou numéro à son mot parent afin d'éviter qu'ils soient séparés par un retour à la ligne.,"""lot {batchNumber}"" → ""lot°{batchNumber}"" | ""page 5"" → ""page°5"" | ""chapitre 3"" → ""chapitre°3""",S'applique aux variables de code/placeholders contenant des numéros tout comme aux chiffres littéraux.,Actif,Récurrent
Espace insécable avant emoji,Typographie,2025/11/11,"Toujours mettre un espace insécable entre une ponctuation finale (point, exclamation, interrogation) et un emoji",".°☁️ (point + emoji)
!°🎉 (exclamation + emoji)
?°🤔 (interrogation + emoji)","Empêche la séparation entre la ponctuation et l'emoji en fin de ligne, maintient la cohésion visuelle",Actif,Récurrent
Propriété URL ou texte : structure correcte,Terminologie,2025/11/11,"Quand on parle d'une propriété qui peut être de type URL OU texte, dire 'propriété URL ou texte' (singulier, une seule propriété avec deux types possibles). Ne PAS dire 'une URL ou une propriété de texte' (suggère deux choses distinctes).","✓ Utilisez une propriété URL ou texte
✓ Ajoutez une propriété de type URL ou texte
✗ Utilisez une URL ou une propriété de texte",Erreur récurrente tout au long de la session. Important pour la clarté et la précision.,Actif,"Glossaire à MAJ, Récurrent"
Chemins URL techniques : ne jamais traduire,Formats,2025/11/11,"Dans les formules qui construisent des URLs, les chemins techniques (comme /view, /edit, etc.) doivent TOUJOURS rester en anglais, même si on traduit les noms de propriétés dans la formule.","✓ prop(""ID de compte"") + ""/view""
✗ prop(""ID de compte"") + ""/vue""",Erreur détectée dans les segments de formules Salesforce. Les URLs ne fonctionneraient pas avec des chemins traduits.,Actif,Récurrent
Espaces insécables dans les nombres : seuil à 5 chiffres,Typographie,2025/11/11,"Utiliser un espace insécable comme séparateur de milliers UNIQUEMENT à partir de 5 chiffres (10 000+). Pour 4 chiffres ou moins (1000-9999), ne PAS mettre d'espace.","2000 (pas 2 000)
10°000 (avec espace insécable)
100°000 (avec espace insécable)",Règle confirmée dans le Style Guide Notion français. Source : section Numerals,Actif,Récurrent
is live ≠ est en arrivée,Terminologie,2025/11/13,"'is live' = déjà disponible/lancé (présent actif), ≠ 'est en arrivée' qui signifie futur/pas encore disponible. Sens opposés!","- is live → est disponible / est lancé / vient de sortir
- coming soon → arrive bientôt / est en arrivée",,Actif,"Récurrent, Urgent"
Prompts IA = impératif tutoiement,Contexte UI,2025/11/13,"Les exemples de prompts/instructions données à l'IA utilisent l'impératif tutoiement (2e personne singulier), comme instructions directes naturelles.","- List changes → Liste les modifications
- Summarize inbox → Résume ma boîte de réception
- Highlight tasks → Mets en évidence les tâches",,Actif,"Glossaire à MAJ, Récurrent"
Types de vue et propriétés techniques = majuscule,Terminologie,2025/11/13,"Les types de vue et propriétés Notion techniques prennent une majuscule au terme clé, même en milieu de phrase. Logique cohérente avec 'propriété État' du glossaire.","- map view → vue Carte
- place property → propriété Lieu
- text property → propriété Texte
- status property → propriété État",,Actif,"Glossaire à MAJ, Récurrent"
Varier 'désormais' dans newsletters,Style et ton,2025/11/13,"Dans les newsletters avec nombreux segments temporels, éviter répétition de 'désormais'. Varier avec : maintenant, dorénavant, à présent, aujourd'hui, ou restructurer sans marqueur.","Limiter à 1-2 occurrences max de 'désormais' par document, alterner avec variantes ou retirer.",,Actif,Récurrent
agent (minuscule) vs Agent (majuscule),Terminologie,2025/11/13,"Suivre la casse source : 'agent' (minuscule) quand c'est le concept général ou usage technique, 'Agent' (majuscule) quand c'est clairement le produit Notion.","- agent updates → mises à jour d'agent
- your Agent → votre Agent",,Actif,Récurrent
Anglicismes courants à éviter,Terminologie,2025/11/14,Plusieurs anglicismes courants doivent être systématiquement remplacés par leurs équivalents français.,"❌ ""politiques"" (d'entreprise) → ✅ ""procédures"" / ""règles""
❌ ""différenciateurs"" → ✅ ""avantages distinctifs"" / ""ce qui nous distingue""
❌ ""source unique de vérité"" → ✅ ""référence unique"" / ""source de vérité unique""",,Actif,"Glossaire à MAJ, Récurrent"
Standards capitalisation française (SaaS),Typographie,2025/11/14,"La documentation technique SaaS française utilise sentence case (majuscule premier mot uniquement), contrairement à l'anglais qui utilise Title Case.","✅ ""Créer une base de données"" (pas ""Créer une Base de Données"")
✅ Noms propres/produits conservent majuscules : ""Notion Agent"", ""IA de Notion""","Zone grise : capitalisation ""Notion Agent"" dans contexte marketing vs usage générique (à clarifier avec équipe Notion)",À réviser,Exception
Board view = vue Tableau Kanban,Terminologie,2025/11/14,"Clarification terminologique : Board view se traduit par ""vue Tableau Kanban"" (complet), peut être abrégé en ""Tableau"" ou ""Kanban"" selon contexte.","The views include tables, boards, calendars → Les vues comprennent des tables, des tableaux Kanban, des calendriers","Correction d'une entrée erronée dans le glossaire (""Vue Tableau"" seul était incomplet)",Actif,Glossaire à MAJ
"""Collaborer"" = à éviter systématiquement",Style et ton,2025/11/14,"Éviter le verbe ""collaborer"" qui est trop corporate et pas naturel en français. Préférer des formulations alternatives.","❌ ""collaborer en personne"" → ✅ ""réunions en personne""
❌ ""collaborer sur un projet"" → ✅ ""travailler ensemble sur un projet"" / ""travailler en équipe""
❌ ""collaboration à distance"" → ✅ ""travail à distance""",,Actif,Récurrent
Commandes Notion traduites en français,Terminologie,2025/11/14,"Contrairement à l'hypothèse initiale, certaines commandes Notion se traduisent en français.","/button → /bouton
/meet → /notes
@remind → @rappel

Mais : @today reste en anglais (variable système)",,Actif,Glossaire à MAJ
Parcours de formation vs forfaits : traduction,Terminologie,2025/11/14,Les parcours de formation se traduisent (contenu pédagogique) contrairement aux forfaits (SKU commerciaux).,"❌ Forfaits : Free, Plus, Business, Enterprise → ne pas traduire
✅ Parcours : Essentials → traduire (""Bases"")",Distinction : contenu destiné aux utilisateurs (traduire) vs noms commerciaux (conserver),Actif,Récurrent
Table vs Tableau (vues de bases de données),Terminologie,2025/11/14,Distinction critique pour les types de vues de bases de données : table (view) → table / board (view) → Tableau (ou Tableau Kanban complet),"❌ ""tableaux"" pour ""tables""
✅ ""tables, tableaux Kanban, listes, galeries""",,Actif,"Glossaire à MAJ, Récurrent"
Inclusivité dans adjectifs,Politesse/registre,2025/11/14,"Toujours vérifier accord de genre dans adjectifs, privilégier pluriel neutre ou reformulation","Ready? → Prêts? (pluriel neutre) ou ""Vous voulez...?"" (reformulation)","Standard Notion/Translated à clarifier pour formes inclusives (point médian, etc.)",À réviser,Urgent
Building blocks → bloc de contenu,Terminologie,2025/11/14,"""Building blocks"" est un terme clé Notion à traduire par ""bloc de contenu"" (singulier même si source au pluriel)",Databases are a powerful building block → Les bases de données sont un bloc de contenu puissant,"À distinguer de ""building bricks"" qui dans un contexte pédagogique devient ""Les bases de la création""",Actif,Glossaire à MAJ
Infinitif vs impératif selon contexte pédagogique,Style et ton,2025/11/14,Descriptions de leçons (liste aperçu) → infinitif / Contenu dans les leçons → impératif,"Description : ""Naviguer dans la barre latérale""
Instruction : ""Explorez la barre latérale""",,Actif,Récurrent
"""Up Next"" → ""À suivre"" (UI standard)",Terminologie,2025/11/14,"Label UI pour introduire prochaine section, plus court et idiomatique que ""Continuer avec"" ou ""Poursuivre avec""","Up Next [titre] → À suivre [titre]
Bouton : Section suivante →",,Actif,
Embeds ≠ Integrations,Terminologie,2025/11/14,Embeds = contenus embarqués/intégrations de contenu (afficher contenu externe) / Integrations = intégrations (connexions API),Embeds allow you to bring content → Les intégrations vous permettent d'importer du contenu,,Actif,
Multimédia est invariable,Typographie,2025/11/14,"""Multimédia"" est un adjectif invariable en français, ne prend jamais de S au pluriel","✅ blocs multimédia, fichiers multimédia
❌ blocs multimédias",,Actif,Récurrent
Charger SG + Glossaire + Journal AVANT chaque session,Autre,2025/11/14,"Pensine DOIT charger systématiquement les 3 ressources au début de chaque session de traduction et confirmer le chargement avant de commencer : 1) Glossaire 2) Style Guide 3) Journal d'apprentissages. Consulter le SG régulièrement pendant la traduction pour vérifier ponctuation, ton, capitalisation, CTAs, etc.","✅ Charger les 3 ressources dès activation du mode
✅ Query glossaire pour CHAQUE terme technique
✅ Vérifier SG pour conventions (espaces insécables, guillemets, ellipse, etc.)
❌ Ne PAS se fier uniquement à la mémoire",Demande explicite d'Audrey suite à session PO 1003507057 Partie 2. Renforcement nécessaire car erreurs dues à non-consultation systématique des ressources.,Actif,"Récurrent, Urgent"
Owned (docs) = avoir un responsable,Terminologie,2025/11/14,"Dans le contexte de gouvernance documentaire, 'owned' (pour des documents) se traduit par 'avoir un responsable', pas 'appartenir à quelqu'un'.","• 'docs are owned' → 'les documents ont un responsable' ✅
• 'docs are owned' → 'les documents appartiennent à quelqu'un' ❌","Context: content governance. 'Owned' = responsabilité identifiée, accountability.",Actif,Glossaire à MAJ
Cohérence lexicale : lier/relier vs connecter pour parcours,Terminologie,2025/11/14,"Pour le parcours 'Connecting knowledge in Notion', utiliser systématiquement le champ lexical 'lier/relier' et éviter 'connecter/interconnecter' pour maintenir la cohérence terminologique.","• Titre : 'Lier les connaissances dans Notion'
• Sous-titre : 'systèmes reliés'
• 'espace de travail relié' (pas 'connecté')
• 'système de connaissances reliées' (pas 'interconnectées')",Décision validée après discussion. 'Connecter' a une connotation plus technique/mécanique alors que 'lier' est plus organique et approprié pour les connaissances.,Actif,"Glossaire à MAJ, Récurrent"
Self-serve = autonome (pas libre-service),Terminologie,2025/11/14,"Dans le contexte de documentation d'entreprise, 'self-serve' se traduit par 'autonome', pas 'en libre-service' qui a une connotation commerciale/retail inappropriée.","• 'self-serve documentation culture' → 'culture de documentation autonome' ✅
• 'self-serve documentation culture' → 'culture de la documentation en libre-service' ❌",Cohérence : maintenir 'autonome' partout dans le même parcours/document.,Actif,Glossaire à MAJ
Écriture inclusive - participes passés après 'rester',Politesse/registre,2025/11/14,Les participes passés après le verbe 'rester' (comme après 'être') doivent utiliser le point médian pour l'écriture inclusive.,"• 'vous resterez coincé·e' ✅
• 'vous resterez coincé' ❌",'Rester' fonctionne comme 'être' avec accord du participe passé. Appliquer les règles d'inclusivité du Style Guide.,Actif,
Convention temps de verbe - Descriptions toggles,Style et ton,2025/11/14,Les descriptions détaillées sous les toggles (H3) dans les parcours de formation utilisent TOUJOURS le format : nominal + relative au présent. Structure : Article + nom + qui/pour + verbe au présent.,"• 'Une base de données Notion qui sert de...'
• 'Des modèles de pages préconfigurés qui permettent...'
• 'Des éléments cliquables qui automatisent...'
• JAMAIS l'impératif dans les toggles : ❌ 'Utilisez les mises en page...'","Convention documentée dans Notion/Conventions. Distinction critique : titres en infinitif, descriptions en nominal + présent.",Actif,Récurrent
Inline database = intégré (pas 'sous forme de blocs'),Contexte UI,2025/11/14,"'Inline' pour une base de données = mode d'affichage 'intégré' (directement dans la page), opposé de 'pleine page'. Ne pas traduire par 'sous forme de blocs' (tous les éléments Notion sont des blocs).","• 'add databases inline on a page' → 'ajouter des bases de données intégrées directement dans une page' ✅
• 'add databases inline on a page' → 'ajouter des bases de données sous forme de blocs' ❌",Glossaire existant confirme : 'inline database' = 'base de données intégrée'.,Actif,
Second guessing = hésitation (pas juste doute),Terminologie,2025/11/14,"'Second guessing' implique un questionnement/hésitation actif, pas juste un doute passif.","• When a page is verified, there's no second guessing → Une page vérifiée ne laisse place à aucun doute ✅
• Ou : aucune hésitation ✅",Contexte : vérification de pages dans parcours formation.,Actif,
Format infinitif descriptif + présent pour descriptions H3,Style et ton,2025/11/14,Les descriptions sous les H3 actionnables dans les parcours de formation utilisent : Infinitif (action) + présent (bénéfices/conséquences).,"• Attribuer un responsable à chaque page clarifie qui prend en charge la maintenance du contenu. ✅
• Vérifier des pages permet aux membres de faire confiance au contenu sans en contrôler l'exactitude. ✅","Format validé avec Audrey. Ne pas utiliser l'impératif pour ces descriptions, même si elles sont actionnables.",Actif,Récurrent
Conventions temps de verbe - Parcours de formation,Style et ton,2025/11/14,Les parcours de formation suivent une hiérarchie stricte avec des temps de verbe spécifiques pour chaque niveau selon les standards pédagogiques français.,"• H1 titre parcours : Infinitif (Gérer des projets)
• Sous-titre H1 : Impératif (Profitez de...)
• Section intro : Futur (Vous apprendrez à...)
• H2/H3 modules : Infinitif (Renforcer la crédibilité)
• Descriptions modules : Infinitif (Utiliser les projets...)
• H3 toggles : Infinitif actionnable (Attribuer des responsables, Vérifier des pages)
• Descriptions sous H3 : Infinitif descriptif + présent (Attribuer... clarifie...)
• Instructions : Impératif (Cliquez sur...)",Référence : Notion/Conventions. Priorité absolue : cohérence stylistique dans tout le document.,Actif,Récurrent
Direction (collectif) vs dirigeant·e (individu),Politesse/registre,2025/11/14,"Pour l'écriture inclusive : utiliser 'la direction' (forme neutre) pour l'entité collective, et 'un·e dirigeant·e' (point médian) quand on parle d'une personne individuelle.","• La direction utilise les mêmes outils ✅ (entité collective)
• Un·e dirigeant·e demande un point ✅ (personne individuelle)
• Membre de votre équipe ✅ (toujours neutre)",Priorité SG : éviter le genre quand possible avec formes neutres. Point médian en dernier recours pour individus.,Actif,"Glossaire à MAJ, Récurrent"
Éviter répétitions lourdes en reformulant,Style et ton,2025/11/14,"Quand un terme clé crée une répétition lourde (ex: responsable/responsabilité), reformuler avec des synonymes ou restructurer la phrase.","• ❌ Attribuer un responsable crée une responsabilité pour...
• ✅ Attribuer un responsable clarifie qui prend en charge...
• ❌ Lorsque les dirigeants... vos dirigeants...
• ✅ Lorsque la direction... elle...","Priorité à la fluidité de lecture. Chercher des alternatives (garantit, clarifie, prend en charge, etc.)",Actif,Récurrent
Accord genre participe passé (avec nom masculin),Typographie,2025/11/17,"Vérifier systématiquement l'accord de genre des participes passés. Avec 'contenu' (masculin), utiliser 'exact' (masculin), pas 'exacte' (féminin).","• 'le contenu est exact' ✅
• ❌ 'le contenu est exacte'
• 'le document est complet' ✅
• ❌ 'le document est complète'
• 'la page est exacte' ✅ (féminin correct)",Erreur d'inattention fréquente. Toujours vérifier le genre du nom auquel le participe se rapporte. 'Contenu' = masculin.,Actif,Récurrent
guarantee vs ensure → assurer (pas garantir),Terminologie,2025/11/17,"Dans le contexte de gestion de contenu et qualité, préférer 'assurer' à 'garantir'. 'Garantir' est trop fort et implique une promesse absolue. 'Assurer' est plus approprié pour des processus de vérification et maintien de qualité.","• 'Owners can ensure clarity...' → 'Les personnes responsables peuvent assurer la clarté...' ✅
• ❌ 'garantir la communication'
• 'ensure content is accurate' → 'assurer que le contenu est exact' ✅",Nuance importante : 'garantir' = promesse forte/contractuelle vs 'assurer' = processus de vérification continue.,Actif,Récurrent
owner → personne responsable (pas propriétaire),Terminologie,2025/11/17,"Dans le contexte de gouvernance de contenu (content governance), 'owner' se traduit par 'personne responsable', jamais 'propriétaire'. La personne responsable assure la qualité, l'exactitude et la mise à jour du contenu.","• 'content owner' → 'personne responsable du contenu' ✅
• 'Add an owner' → 'Ajouter une personne responsable' ✅
• 'Owners can ensure...' → 'Les personnes responsables peuvent assurer...' ✅
• ❌ 'un propriétaire de contenu'
• ❌ 'les propriétaires'",Distinction avec 'owned' (documents) qui se traduit par 'avoir un responsable'. Cohérence avec le glossaire existant pour la gouvernance documentaire.,Actif,"Glossaire à MAJ, Récurrent"
Parallélisme structure - articles dans énumérations,Style et ton,2025/11/17,"Dans une énumération de noms abstraits, maintenir le parallélisme en répétant l'article défini pour chaque élément. Ne pas omettre l'article sur le dernier élément.","• 'l'exhaustivité, l'exactitude et la cohérence' ✅
• ❌ 'l'exhaustivité, l'exactitude et cohérence'
• 'la clarté, l'exactitude et la cohérence' ✅
• ❌ 'la clarté, exactitude et cohérence'",Règle de style français standard pour maintenir l'équilibre rythmique et la clarté. S'applique particulièrement aux concepts abstraits et qualités.,Actif,Récurrent
Type (verb UI) → Saisissez (pas Tapez),Contexte UI,2025/11/17,"Pour les instructions UI demandant de saisir du texte, 'Type' se traduit par 'Saisissez' (impératif), jamais 'Tapez'. Cohérence avec le Style Guide et les conventions Notion.","• 'Type @ to tag...' → 'Saisissez @ pour identifier...' ✅
• 'Type your message' → 'Saisissez votre message' ✅
• ❌ 'Tapez @ pour identifier'
• ❌ 'Taper votre message'",Déjà documenté dans Snippets : 'Enter → Saisissez'. 'Type' suit la même règle. Contexte : placeholder et instructions UI.,Actif,"Glossaire à MAJ, Récurrent"
Mode verbal après 'lorsque' - indicatif pas subjonctif,Style et ton,2025/11/17,"Après 'lorsque' (conjonction temporelle), utiliser l'indicatif, pas le subjonctif. Le subjonctif est réservé aux conjonctions exprimant le but, la concession, la condition hypothétique.","• 'lorsque le contenu est mis à jour' ✅
• ❌ 'lorsque le contenu soit mis à jour'
• 'lorsque vous cliquez sur le bouton' ✅
• ❌ 'lorsque vous cliquiez sur le bouton'","Erreur fréquente de surgénéralisation du subjonctif. 'Lorsque' = temps certain → indicatif. À distinguer de 'afin que', 'pour que', 'bien que' → subjonctif.",Actif,Récurrent
Possessif 'vos' vs article 'des' - ton engageant,Style et ton,2025/11/17,"Dans les contextes marketing/engageants (CTAs, invitations à l'action), préférer le possessif 'vos' à l'article indéfini 'des' pour créer un lien personnel avec l'utilisateur.","• 'Share feedback' → 'Partager vos commentaires' ✅ (engageant)
• ❌ 'Partager des commentaires' (neutre/distant)
• 'Share your ideas' → 'Partagez vos idées' ✅
• 'Add your notes' → 'Ajoutez vos notes' ✅",Distinction contextuelle : instructions techniques neutres = 'des' acceptable. Invitations à contribuer/partager = 'vos' préférable pour créer l'engagement.,Actif,Récurrent
Par exemple vs par ex. — préférer forme complète,Style et ton,2025/11/17,"Privilégier «°par exemple°» en entier plutôt que l'abréviation «°par ex.°» dans les contenus de formation, sauf si contrainte d'espace stricte.","• (par exemple°: Projets à Tâches) ✅
• (par ex.°: Projets à Tâches) ❌ (sauf si contrainte caractères)","Le Style Guide indique : «°Use abbreviations only if necessary (e.g. only if there is a character limit)°». Dans les helpdocs et formations, pas de limite stricte → préférer clarté.",Actif,Récurrent
Encadrés descriptifs helpdocs : infinitif (pas impératif),Contexte UI,2025/11/17,"Dans les encadrés descriptifs de cas d'usage (helpdocs), utiliser l'infinitif pour introduire des capacités, pas l'impératif. Ex: 'Agrégations : utiliser les agrégations pour...' (pas 'utilisez').","• 'Rollups: Use rollups to...' → 'Agrégations : utiliser les agrégations pour...' ✅
• ❌ 'Agrégations : utilisez les agrégations pour...'","Contexte : encadrés montrant des capacités/fonctionnalités, pas des instructions procédurales étape par étape.",Actif,Récurrent
Distinction majuscules/minuscules pour bases de données,Terminologie,2025/11/17,Minuscules en anglais = générique/descriptif → 'une base de données de projets'. Majuscules en anglais = nom propre spécifique → 'base de données Projets'.,"• 'Connect a projects database' → 'Connecter une base de données de projets' ✅
• 'Connect Projects database' → 'Connecter la base de données Projets' ✅
• 'tasks' vs 'Tasks' : même logique",Règle importante pour respecter l'intention de la source : générique vs spécifique.,Actif,Récurrent
Encadrés de leçon helpdocs : infinitif + impératif,Style et ton,2025/11/17,"Pour les encadrés de présentation de leçon (helpdocs/formations), utiliser : Titre en infinitif + Paragraphe à l'impératif. Exception rare : descriptions causales peuvent utiliser 3e personne descriptive si le lien logique est plus clair.","• Titre : 'Structurer votre espace de travail' (infinitif) ✅
• Paragraphe : 'Améliorez la découverte et le travail en équipe...' (impératif) ✅
• Titre : 'Définir des autorisations claires' (infinitif) ✅  
• Paragraphe : 'Décidez qui peut voir...' (impératif) ✅
• Exception : 'Le bon format crée un espace évolutif' (descriptif 3e pers. pour lien causal)","Structure validée après hésitation. L'impératif est la règle par défaut, plus direct et cohérent avec les traductions précédentes. La 3e personne descriptive est une exception rare pour clarifier des liens de cause à effet.",Actif,Récurrent
Three main teamspaces vs Team areas - Distinction terminologique,Terminologie,2025/11/17,"Pour éviter confusion entre les 3 catégories conceptuelles (Home/OS/Team areas) et la fonctionnalité Notion 'teamspace', traduire 'Three main teamspaces' par 'trois espaces principaux' (générique) tandis que 'Team areas' reste 'Espaces d'équipe' (spécifique).","• 'Core Design Principle: Three main teamspaces' → 'Principe d'architecture fondamental : trois espaces principaux' ✅
• '3. Team areas' → '3. Espaces d'équipe' ✅",,Actif,Glossaire à MAJ
implementation → mise en œuvre (pas implémentation),Terminologie,2025/11/17,'Implementation' est un anglicisme. Utiliser 'mise en œuvre' ou 'déploiement' selon le contexte. Jamais 'implémentation' en français professionnel.,"• workflow implementation → mise en œuvre des flux de travail
• de-risk an implementation → réduire les risques d'une mise en œuvre
• implementation challenges → défis de la mise en œuvre",,Actif,"Glossaire à MAJ, Récurrent"
tool sprawl → prolifération des outils,Terminologie,2025/11/17,'Tool sprawl' se traduit par 'prolifération des outils' - expression naturelle qui capture bien l'idée de multiplication incontrôlée.,• Tool sprawl was inflating IT costs → La prolifération des outils faisait grimper les coûts informatiques,,Actif,Glossaire à MAJ
Knowledge Check → Test de connaissances,Terminologie,2025/11/17,"Terme officiel du glossaire Notion pour les quiz de formation. Toujours utiliser 'Test de connaissances', pas 'Vérification'.",• Knowledge Check (menu item) → Test de connaissances,,Actif,"Glossaire à MAJ, Récurrent"
Lesson Overview → Aperçu de la leçon,Terminologie,2025/11/17,"Terme officiel du glossaire Notion pour les sections de cours. Toujours utiliser 'Aperçu de la leçon', pas 'Vue d'ensemble'.",• Lesson Overview (menu item) → Aperçu de la leçon,,Actif,"Glossaire à MAJ, Récurrent"
post-mortems → analyses post-incident,Terminologie,2025/11/17,"Dans un contexte technique/IT, 'post-mortems' se traduit par 'analyses post-incident' plutôt que de garder le terme anglais.","• Delayed post-mortems → analyses post-incident retardées
• security reviews and post-mortems → examens de sécurité et analyses post-incident",,Actif,Glossaire à MAJ
guest access → accès des invité·es,Terminologie,2025/11/17,"Le terme 'guest access' se traduit par 'accès des invité·es' (avec point médian) pour maintenir l'inclusivité. Au pluriel, utiliser 'les invité·es'. Au singulier, utiliser 'un·e invité·e'.","• Enable guest access → Activer l'accès des invité·es
• All guests → toutes les personnes invitées / tous les invité·es
• a guest → un·e invité·e",,Actif,"Glossaire à MAJ, Récurrent"
sales discovery → phase de découverte commerciale,Terminologie,2025/11/17,"Dans un contexte business/consulting, 'sales discovery' se traduit par 'phase de découverte commerciale' (plus naturel en français) plutôt que 'découverte des ventes' (traduction littérale peu élégante).","• During sales discovery → Au cours de la phase de découverte commerciale
• sales discovery process → processus de découverte commerciale",,Actif,Glossaire à MAJ
time to value → création de valeur (cohérence),Terminologie,2025/11/17,"Dans le contexte consulting Notion, 'time to value' se traduit systématiquement par 'création de valeur' pour cohérence, pas 'délai de rentabilité' ou 'temps de valorisation'.","• accelerates time to value → accélère la création de valeur
• faster time to value → création de valeur plus rapide
• their time to value → leur création de valeur",,Actif,"Glossaire à MAJ, Récurrent"
"Majuscule pour types de vues (Graphique, Formulaire)",Typographie,2025/11/18,Les types de vues Notion prennent une majuscule en français lorsqu'ils sont mentionnés comme noms de vue.,"• une vue Graphique ✅
• une vue graphique ❌
• une vue Formulaire ✅
• une vue de formulaire (descriptif) ✓","S'applique aux mentions de types de vues comme noms propres dans l'interface, pas aux descriptions génériques.",Actif,Récurrent
Get started (slide) = Débuter,Contexte UI,2025/11/18,"Pour un titre de slide de leçon, utiliser 'Débuter' plutôt que 'Commencer'.","• Get started (slide title) → Débuter ✅
• Get started (slide title) → Commencer ❌",Contexte: titres de slides dans les leçons Notion. 'Débuter' est plus formel et approprié pour un titre.,Actif,Récurrent
Issue tracker = suivi des tickets (Marketplace),Terminologie,2025/11/18,"Dans le contexte du Marketplace Notion, 'issue tracker' se traduit par 'suivi des tickets' (et non 'suivi des tâches'). Le template officiel s'appelle 'Suivi des tickets'.","• An issue tracker for any team → Un outil de suivi des tickets pour toute équipe ✅
• An issue tracker → Un outil de suivi des tâches ❌",Contexte: PO 1003509675 - Template Marketplace 'Issue tracker'. Terminologie cohérente avec le nom officiel du template.,Actif,"Glossaire à MAJ, Récurrent"
Move to chat = Déplacer dans la discussion par chat,Terminologie,2025/11/18,"""Move to chat"" (contexte IA) se traduit par ""Déplacer dans la discussion par chat"" pour cohérence avec TMs.","• Add to chat → Ajouter à la discussion par chat (TM)
• Move to chat → Déplacer dans la discussion par chat ✅","Basé sur TM ""Add to chat"" → ""Ajouter à la discussion par chat"". La cohérence terminologique est essentielle.",Actif,"Glossaire à MAJ, Récurrent"
Mapping file = fichier de correspondance (pas mappage),Terminologie,2025/11/18,"""Mapping file"" se traduit par ""fichier de correspondance"", pas ""fichier de mappage"" (anglicisme).","• Mapping file → fichier de correspondance ✅
• Mapping file → fichier de mappage ❌ (anglicisme)","""Correspondance"" est plus idiomatique en français dans le contexte d'import de données.",Actif,"Glossaire à MAJ, Récurrent"
Worker tool = terme technique non traduit,Terminologie,2025/11/18,"""Worker tool"" dans les workflows reste un terme technique non traduit, pas ""outil Travailleur"".","• Ran worker tool → A exécuté l'outil worker ✅
• Ran worker tool → A exécuté l'outil Travailleur ❌","Contexte : http://workflow.run.effect.workers.runTool. C'est un module technique d'automatisation, pas une personne.",Actif,Récurrent
Point médian inclusif pour accords de genre,Typographie,2025/11/18,Utiliser le point médian (·) pour l'écriture inclusive dans les contextes d'examen/formation certifiante.,"• certifié·e (pas seulement ""certifiée"")
• Prêt·e°? ✅
• certifié ❌",Découvert dans contexte Notion Services Specialist Exam. L'inclusivité via point médian est préférée à l'accord féminin seul.,Actif,Récurrent
Registre formel examens : aide-mémoire (pas antisèche),Politesse/registre,2025/11/18,"Dans les contextes d'examen certifiant professionnel, préférer ""aide-mémoire"" à ""antisèche"" (trop familier).","• Cheat sheets → aide-mémoire ✅
• Cheat sheets → antisèche ❌ (trop familier)","""Antisèche"" est compris mais inadapté au ton formel d'une certification professionnelle.",Actif,Récurrent
Concision messages UI : éviter verbiage inutile,Style et ton,2025/11/18,Supprimer les formulations verbeuses dans les messages UI. Préférer les constructions courtes et directes.,"• ""avec d'autres"" ✅ (pas ""avec d'autres personnes"")
• ""de collègues"" ✅ (pas ""de la part de collègues"")
• ""sans interruption"" ✅ (pas ""où rien ni personne ne risque de vous interrompre"")",La clarté et la concision sont prioritaires dans les messages UI.,Actif,Récurrent
Pas d'insécable après émoji en début de phrase,Typographie,2025/11/18,Les espaces insécables ne s'appliquent pas après les emojis en début de phrase. L'espace reste normal.,"• ❌ [espace normal] L'évaluation ✅
• ❌° L'évaluation ❌","Les insécables français s'appliquent aux ponctuations hautes, guillemets, symboles, mais pas aux emojis.",Actif,Récurrent
CTA = infinitif / Notification body = impératif,Contexte UI,2025/11/18,"Distinguer forme verbale selon le type d'élément UI : CTA/boutons utilisent l'infinitif, les notification bodies utilisent l'impératif.","• CTA : ""Commencer à travailler"" ✅
• Notification body : ""Résolvez les erreurs"" ✅","Les CTA sont des actions proposées (infinitif), les notifications sont des instructions directes (impératif).",Actif,Récurrent
Utilisateur : masculin par défaut si surcharge d'inclusif,Politesse/registre,2025/11/19,"Pour le terme ""utilisateur"", garder le masculin par défaut quand il y a déjà beaucoup d'écriture inclusive dans la phrase (éviter surcharge). Utiliser ""utilisateur·rices"" uniquement quand le contexte n'a pas trop d'inclusif.","Phrase avec beaucoup d'inclusif déjà → ""utilisateurs"" (masculin)
Phrase simple → ""utilisateur·rices"" possible si pertinent",Décision prise dans contexte PO 1003535109 (segment sur ajustement trimestriel avec multiple adjectifs inclusifs). Principe : privilégier la lisibilité et éviter la lourdeur quand plusieurs mots consécutifs prendraient le point médian.,Actif,Récurrent
Start/End pour slider UI : Début/Fin (noms) vs Commencer/Terminer (verbes),,2025/11/19,"Pour les éléments UI de type slider (curseur), ""Start/End"" se traduit par ""Début/Fin"" (noms de position) et non ""Commencer/Terminer"" (verbes d'action).","Slider de plage de dates : ""Début : 1er janvier"" / ""Fin : 31 décembre""
Curseur de volume : ""Début"" (min) / ""Fin"" (max)
Contexte technique : labelName:elements.slider.start","Commentaire anglais pour contexte externe : ""Start/End should be translated as Début/Fin (nouns) when referring to slider labels or range endpoints, not as Commencer/Terminer (verbs). The context here is a slider UI element which requires positional labels rather than action verbs.""",Actif,
Link expires → Expiration du lien,Terminologie,2025/11/19,"Dans les paramètres de partage de page, le menu déroulant 'Link expires' se traduit par 'Expiration du lien' (nom, pas forme verbale 'Le lien expire')",Open the dropdown next to Link expires → Ouvrez la liste déroulante à côté de Expiration du lien,"Standard dans les interfaces françaises (Microsoft, Google Drive). Nom approprié pour un label de menu déroulant UI.",Actif,Glossaire à MAJ
Accord inclusif dépend du nom principal,Typographie,2025/11/21,"Lorsqu'un adjectif ou participe s'accorde avec un nom masculin (ex: utilisateur, membre), l'accord reste masculin même si l'adjectif peut prendre une forme inclusive dans d'autres contextes.","✅ 47 utilisateurs invités (masculin car ""utilisateurs"" est masculin)
✅ Certain·es invité·es (inclusif car pas d'accord avec ""utilisateur"")
❌ 47 utilisateurs invité·es (incohérent)","La forme inclusive s'applique seulement quand le nom lui-même peut prendre l'inclusif (ex: invité·es). Si le nom principal est masculin standard (utilisateur), tout ce qui s'accorde avec reste masculin.",Actif,Récurrent
Aucun inclusif pour les mots en -eur,Style et ton,2025/11/21,"Les mots se terminant en -eur (utilisateur, collaborateur, gestionnaire, administrateur, etc.) ne prennent pas de forme inclusive selon le Style Guide Translated > Notion. Toujours utiliser la forme masculine standard.","✅ utilisateurs (pas utilisateur·rices)
✅ collaborateurs (pas collaborateur·rices)
✅ gestionnaire (pas gestionnaire·ère)
❌ utilisateur·rices
❌ collaborateur·rices",Règle confirmée par Audrey le 21 nov 2025. S'applique à tous les contextes Translated > Notion.,Actif,"Glossaire à MAJ, Récurrent"
"""Safeguards"" ≠ sécurité (trop général)",Terminologie,2025/11/21,"""Safeguards"" désigne des mesures de protection spécifiques mises en place, pas la sécurité de manière générale. Traduire de façon plus précise.","❌ weakening safeguards → compromettre la sécurité
✅ weakening safeguards → compromettre les mesures de protection
✅ weakening safeguards → affaiblir les garde-fous",,Actif,"Glossaire à MAJ, Récurrent"
"""Données analytiques"" → formulation lourde",Style et ton,2025/11/21,"""Analytics"" ne devrait pas être traduit par ""données analytiques"" (redondant et lourd). Préférer ""analytics"" directement ou ""analyse des données"" selon contexte.","❌ Vos données analytiques de contenu
✅ Vos analytics de contenu
✅ Vos analyses de contenu",,Actif,Récurrent
"""Informations sur les X"" → structure non idiomatique",Style et ton,2025/11/21,"En français business/tech, on utilise la forme directe sans préposition ""sur"" pour les informations liées à une catégorie.","❌ informations sur les clients → ✅ informations clients
❌ informations sur les produits → ✅ informations produits
❌ informations obsolètes sur les produits → ✅ informations produits obsolètes",,Actif,Récurrent
"""Scenario task"" → formulation non idiomatique",Terminologie,2025/11/21,"""Scenario task"" traduit littéralement par ""tâche de scénario"" ne sonne pas naturel en français. Utiliser des termes plus idiomatiques selon le contexte formation/évaluation.","❌ tâche de scénario
✅ exercice pratique
✅ cas pratique
✅ mise en situation (si vraiment un scénario narratif)",,Actif,Récurrent
"""Everyday users"" ≠ utilisateurs quotidiens",Terminologie,2025/11/21,"""Everyday users"" signifie ""utilisateurs réguliers/standards/ordinaires"" (par opposition aux utilisateurs techniques/développeurs), pas ""utilisateurs qui utilisent tous les jours"".","❌ everyday users → utilisateurs quotidiens
✅ everyday users → utilisateurs réguliers
✅ everyday users → utilisateurs standards
✅ everyday users → utilisateurs ordinaires","Erreur de traduction littérale fréquente. ""Everyday"" = ""ordinary/regular"", pas ""every day"".",Actif,"Glossaire à MAJ, Récurrent"
Incohérence impératif/infinitif dans suggestions,Style et ton,2025/11/21,"Lorsqu'une liste de points présente des suggestions d'actions (à l'infinitif), l'intro ne doit pas être à l'impératif pour maintenir la cohérence de registre.","❌ ""Cliquez ici pour découvrir l'approche suggérée"" + points à l'infinitif
✅ ""Découvrez l'approche suggérée"" ou ""Approche suggérée"" + points à l'infinitif

Les suggestions = infinitif (pas impératif)",,Actif,Récurrent
"""Attribuer des propriétaires"" → erreur de structure",Style et ton,2025/11/21,"""Assign owners"" ne se traduit pas par ""attribuer des propriétaires"" (structure incorrecte en français). On attribue quelque chose À des personnes, pas des personnes elles-mêmes.","❌ attribuer des propriétaires
✅ désigner des responsables
✅ assigner des responsables

""Assign owners and due dates"" → ""désigner des responsables et des dates d'échéance""",,Actif,Récurrent